{
  "homeInfo": {
    "title": "首页",
    "href": "/welcome"
  },
  "logoInfo": {
    "title": "云工厂",
    "image": "/images/logo.png",
    "href": ""
  },
  "menuInfo": [
    {
      "title": "常规管理",
      "icon": "fa fa-address-book",
      "href": "",
      "target": "_self",
      "child": [
        {
          "title": "用户管理",
          "href": "",
          "icon": "fa fa-home",
          "target": "_self",
          "child": [
            {
              "title": "用户基本信息",
              "href": "/system/user/profile",
              "icon": "fa fa-home",
              "target": "_self"
            }
          ]
        },{
          "title": "工厂管理",
          "href": "",
          "icon": "fa fa-home",
          "target": "_self",
          "child": [
            {
              "title": "工厂信息",
              "href": "/system/factory/factoryInfo",
              "icon": "fa fa-home",
              "target": "_self"
            }
          ]
        },
        {
          "title": "产能中心",
          "href": "",
          "icon": "fa fa-window-maximize",
          "target": "_self",
          "child": [
            {
              "title": "设备类别管理",
              "href": "/system/facilityType/facilityTypeInfo",
              "icon": "fa fa-tachometer",
              "target": "_self"
            },{
              "title": "设备管理",
              "href": "/system/facility/facilityInfo",
              "icon": "fa fa-tachometer",
              "target": "_self"
            },{
              "title": "产能管理",
              "href": "/system/generatePower/generatePowerInfo",
              "icon": "fa fa-tachometer",
              "target": "_self"
            },{
              "title": "租借管理",
              "href": "/system/rentFacility/rentFacilityInfo",
              "icon": "fa fa-tachometer",
              "target": "_self"
            }
          ]
        },{
          "title": "产品管理",
          "href": "",
          "icon": "fa fa-tachometer",
          "target": "_self",
          "child": [
            {
              "title": "产品类别管理",
              "href": "/system/productType/productTypeInfo",
              "icon": "fa fa-tachometer",
              "target": "_self"
            }, {
              "title": "产品信息管理",
              "href": "/system/product/productInfo",
              "icon": "fa fa-tachometer",
              "target": "_self"
            }
          ]
        },
        {
          "title": "订单管理",
          "href": "",
          "icon": "fa fa-window-maximize",
          "target": "_self",
          "child": [
            {
              "title": "订单基本信息",
              "href": "/system/order/orderInfo",
              "icon": "fa fa-tachometer",
              "target": "_self"
            }
          ]
        }
      ]
    },
    {
      "title": "系统管理",
      "icon": "fa fa-lemon-o",
      "href": "",
      "target": "_self",
      "child": [
        {
          "title": "用户登录日志",
          "href": "",
          "icon": "fa fa-dot-circle-o",
          "target": "_self"
        },
        {
          "title": "用户操作日志",
          "href": "",
          "icon": "fa fa-adn",
          "target": "_self"
        },
        {
          "title": "设备租借日志",
          "href": "",
          "icon": "fa fa-dashboard",
          "target": "_self"
        },
        {
          "title": "设备操作日志",
          "href": "/table-select",
          "icon": "fa fa-angle-double-down",
          "target": "_self"
        }
      ]
    }
  ]
}