{
  "homeInfo": {
    "title": "首页",
    "href": "/welcome"
  },
  "logoInfo": {
    "title": "云工厂",
    "image": "/images/logo.png",
    "href": ""
  },
  "menuInfo": [
    {
      "title": "工厂管理",
      "icon": "fa fa-address-book",
      "href": "",
      "target": "_self",
      "child": [
        {
          "title": "产能管理",
          "href": "/system/generatePower/generatePowerInfo",
          "icon": "fa fa-home",
          "target": "_self"
        },
        {
          "title": "排产管理",
          "href": "/system/schedule/scheduleInfo",
          "icon": "fa fa-window-maximize",
          "target": "_self"
        }
      ]
    },
    {
      "title": "设备管理",
      "icon": "fa fa-lemon-o",
      "href": "",
      "target": "_self",
      "child": [
        {
          "title": "工厂设备",
          "href": "",
          "icon": "fa fa-dot-circle-o",
          "target": "_self",
          "child": [
            {
              "title": "租借设备",
              "href": "/system/facility/rent",
              "icon": "fa fa-dot-circle-o",
              "target": "_self"
            },{
              "title": "设备信息",
              "href": "/system/facility/facilityInfo",
              "icon": "fa fa-dot-circle-o",
              "target": "_self"
            }
          ]
        }
      ]
    },
    {
      "title": "订单管理",
      "icon": "fa fa-slideshare",
      "href": "",
      "target": "_self",
      "child": [
        {
          "title": "竞标",
          "href": "/system/order/orderInfo",
          "icon": "fa fa-meetup",
          "target": ""
        },
        {
          "title": "总订单",
          "href": "/system/factoryOrder/factoryOrderInfo",
          "icon": "fa fa-superpowers",
          "target": "_self"
        }
      ]
    }
  ]
}