<?xml version="1.0" encoding="UTF-8"?>
<!DOCTYPE mapper PUBLIC "-//mybatis.org//DTD Mapper 3.0//EN" "http://mybatis.org/dtd/mybatis-3-mapper.dtd">
<mapper namespace="com.cloud_factory.system.mappers.User.UserMapper">
    <sql id="tableName">
        f_user
    </sql>

    <sql id="baseColumn">
        fu_id,fu_name,fu_psw,fu_rname,fu_type_id,gmt_create, gmt_modified
    </sql>

    <select id="getDeletedUsers" resultType="com.cloud_factory.system.Entity.User.User">
        SELECT * FROM f_user WHERE deleted = 1;
    </select>

    <select id="addUser" statementType="CALLABLE" parameterType="map">
        {call Registration(
                #{uname, jdbcType=VARCHAR, mode=IN},
                #{psw, jdbcType=VARCHAR, mode=IN},
                #{rname, jdbcType=VARCHAR, mode=IN},
                #{phonenum, jdbcType=VARCHAR, mode=IN},
                #{type, jdbcType=BIGINT, mode=IN},
                #{fname, jdbcType=VARCHAR, mode=IN},
                #{finfo, jdbcType=VARCHAR, mode=IN},
                #{result, jdbcType=VARCHAR, mode=OUT}
            )}
    </select>
    <select id="findByName" parameterType="String" resultType="com.cloud_factory.system.Entity.User.User">
        SELECT * FROM f_user WHERE fu_name = #{uname};
    </select>
</mapper>