<?xml version="1.0" encoding="UTF-8"?>
<!DOCTYPE mapper PUBLIC "-//mybatis.org//DTD Mapper 3.0//EN" "http://mybatis.org/dtd/mybatis-3-mapper.dtd">
<mapper namespace="com.cloud_factory.system.mappers.Facility.FFacilityMapper">
    <sql id="tableName">
        f_facility
    </sql>

    <sql id="baseColumn">
        ffacility_id, ff_code, ffacility_name, ff_length, ff_width, ff_height, ff_type_id, ff_info, gmt_modified, gmt_created, deleted
    </sql>
    <select id="addFacility" statementType="CALLABLE" parameterType="map">
        {call newFacility(
                #{src, jdbcType=VARCHAR, mode=IN},
                #{fid, jdbcType=BIGINT, mode=IN},
                #{fcode, jdbcType=VARCHAR, mode=IN},
                #{fname, jdbcType=VARCHAR, mode=IN},
                #{flength, jdbcType=BIGINT, mode=IN},
                #{fwidth, jdbcType=BIGINT, mode=IN},
                #{fheight, jdbcType=BIGINT, mode=IN},
                #{ftype, jdbcType=BIGINT, mode=IN},
                #{finfo, jdbcType=VARCHAR, mode=IN},
                #{result, jdbcType=VARCHAR, mode=OUT}
            )}
    </select>

    <select id="shtDownOrOpen" statementType="CALLABLE" parameterType="map">
        {call shtDownOrOpen(
                #{fid, jdbcType=BIGINT, mode=IN},
                #{changeTo, jdbcType=VARCHAR, mode=IN},
                #{result, jdbcType=VARCHAR, mode=OUT}
            )}
    </select>

</mapper>